date,player,tm,game,prop,line,rec,book,odds,ev,rank,in_top10,in_ev25,actual,result,units,real_odds
20260509,Bridget Carleton,POR,CHI @ POR,Points,13.5,UNDER,,-110,68.6,1,True,True,13,WIN,0.9091,False
20260509,Maddy Siegrist,DAL,DAL @ IND,Points,12.5,OVER,,-110,37.0,2,True,True,7,LOSS,-1.0,False
20260509,Alanna Smith,DAL,DAL @ IND,Rebounds,5.5,UNDER,,-110,35.8,3,True,True,3,WIN,0.9091,False
20260509,Jackie Young,LV,PHX @ LV,Rebounds,4.5,OVER,,-110,32.8,4,True,True,6,WIN,0.9091,False
20260509,Angel Reese,ATL,ATL @ MIN,Points,13.5,OVER,,-110,29.5,5,True,True,11,LOSS,-1.0,False
20260509,DeWanna Bonner,PHX,PHX @ LV,Rebounds,5.5,UNDER,,-110,28.5,6,True,True,7,LOSS,-1.0,False
20260509,Chelsea Gray,LV,PHX @ LV,Points,10.5,OVER,,-110,27.2,7,True,True,4,LOSS,-1.0,False
20260509,Allisha Gray,ATL,ATL @ MIN,Rebounds,4.5,UNDER,,-110,25.4,8,True,True,8,LOSS,-1.0,False
20260509,Kahleah Copper,PHX,PHX @ LV,Points,18.5,UNDER,,-110,25.0,9,True,False,13,WIN,0.9091,False
20260509,Bridget Carleton,POR,CHI @ POR,Rebounds,4.5,UNDER,,-110,24.9,10,True,False,1,WIN,0.9091,False
20260510,Flau'jae Johnson,SEA,SEA @ CON,Rebounds,3.5,UNDER,,-110,110.0,1,True,True,6,LOSS,-1.0,False
20260510,Jovana Nogic,PHX,PHX @ GS,Points,8.5,OVER,,-110,100.0,2,True,True,16,WIN,0.9091,False
20260510,Georgia Amoore,WSH,NY @ WSH,Points,8.5,UNDER,,-110,100.0,3,True,True,7,WIN,0.9091,False
20260510,Flau'jae Johnson,SEA,SEA @ CON,Points,13.5,OVER,,-110,80.0,4,True,True,16,WIN,0.9091,False
20260510,Betnijah Laney-Hamilton,NY,NY @ WSH,Points,11.5,UNDER,,-110,80.0,5,True,True,3,WIN,0.9091,False
20260510,Natasha Mack,PHX,PHX @ GS,Rebounds,8.5,UNDER,,-110,75.0,6,True,True,2,WIN,0.9091,False
20260510,Betnijah Laney-Hamilton,NY,NY @ WSH,Rebounds,3.5,UNDER,,-110,69.0,7,True,True,2,WIN,0.9091,False
20260510,DeWanna Bonner,PHX,PHX @ GS,Rebounds,5.5,UNDER,,-110,67.2,8,True,True,8,LOSS,-1.0,False
20260510,Breanna Stewart,NY,NY @ WSH,Rebounds,7.5,OVER,,-110,65.1,9,True,True,9,WIN,0.9091,False
20260510,Natasha Mack,PHX,PHX @ GS,Points,7.5,UNDER,,-110,56.2,10,True,True,11,LOSS,-1.0,False
20260510,Dominique Malonga,SEA,SEA @ CON,Rebounds,9.5,UNDER,,-110,54.9,11,False,True,7,WIN,0.9091,False
20260510,Marine Johannes,NY,NY @ WSH,Points,11.5,UNDER,,-110,53.3,12,False,True,25,LOSS,-1.0,False
20260510,Alyssa Thomas,PHX,PHX @ GS,Rebounds,8.5,UNDER,,-110,50.9,13,False,True,9,LOSS,-1.0,False
20260510,Stefanie Dolson,SEA,SEA @ CON,Rebounds,4.5,UNDER,,-110,49.5,14,False,True,4,WIN,0.9091,False
20260510,Marine Johannes,NY,NY @ WSH,Rebounds,2.5,UNDER,,-110,49.3,15,False,True,1,WIN,0.9091,False
20260510,Dearica Hamby,LA,LV @ LA,Points,15.5,OVER,,-110,49.2,16,False,True,12,LOSS,-1.0,False
20260510,Sonia Citron,WSH,NY @ WSH,Rebounds,3.5,UNDER,,-110,49.1,17,False,True,5,LOSS,-1.0,False
20260510,Janelle Salaun,GS,PHX @ GS,Points,12.5,OVER,,-110,43.6,18,False,True,21,WIN,0.9091,False
20260510,Brittney Griner,CON,SEA @ CON,Points,13.5,UNDER,,-110,41.6,19,False,True,16,LOSS,-1.0,False
20260510,Gabby Williams,GS,PHX @ GS,Rebounds,4.5,UNDER,,-110,39.1,20,False,True,5,LOSS,-1.0,False
20260510,Sonia Citron,WSH,NY @ WSH,Points,15.5,UNDER,,-110,37.5,21,False,True,17,LOSS,-1.0,False
20260510,Shakira Austin,WSH,NY @ WSH,Rebounds,7.5,UNDER,,-110,37.1,22,False,True,10,LOSS,-1.0,False
20260510,Kayla Thornton,GS,PHX @ GS,Rebounds,6.5,OVER,,-110,34.8,23,False,True,3,LOSS,-1.0,False
20260510,Chelsea Gray,LV,LV @ LA,Rebounds,3.5,UNDER,,-110,33.8,24,False,True,3,WIN,0.9091,False
20260510,Nneka Ogwumike,LA,LV @ LA,Rebounds,7.5,UNDER,,-110,32.9,25,False,True,10,LOSS,-1.0,False
20260510,Dominique Malonga,SEA,SEA @ CON,Points,17.5,UNDER,,-110,32.4,26,False,True,6,WIN,0.9091,False
20260510,DeWanna Bonner,PHX,PHX @ GS,Points,12.5,UNDER,,-110,31.2,27,False,True,5,WIN,0.9091,False
20260510,Brittney Griner,CON,SEA @ CON,Rebounds,6.5,UNDER,,-110,30.7,28,False,True,6,WIN,0.9091,False
20260510,Breanna Stewart,NY,NY @ WSH,Points,20.5,UNDER,,-110,29.7,29,False,True,23,LOSS,-1.0,False
20260510,Veronica Burton,GS,PHX @ GS,Points,12.5,OVER,,-110,28.6,30,False,True,13,WIN,0.9091,False
20260510,Kahleah Copper,PHX,PHX @ GS,Points,17.5,UNDER,,-110,27.4,31,False,True,11,WIN,0.9091,False
20260512,Olivia Miles,MIN,MIN @ PHX,Rebounds,4.5,UNDER,,-110,105.0,1,True,True,6,LOSS,-1.0,False
20260512,Bridget Carleton,POR,NY @ POR,Points,12.5,UNDER,,-110,94.5,2,True,True,26,LOSS,-1.0,False
20260512,Carla Leite,POR,NY @ POR,Points,14.5,UNDER,,-110,77.7,3,True,True,21,LOSS,-1.0,False
20260512,Jovana Nogic,PHX,MIN @ PHX,Points,11.5,OVER,,-110,76.9,4,True,True,2,LOSS,-1.0,False
20260512,Olivia Miles,MIN,MIN @ PHX,Points,13.5,OVER,,-110,74.1,5,True,True,13,LOSS,-1.0,False
20260512,Kayla McBride,MIN,MIN @ PHX,Points,17.5,UNDER,,-110,62.8,6,True,True,14,WIN,0.9091,False
20260512,Courtney Williams,MIN,MIN @ PHX,Points,14.5,UNDER,,-110,57.6,7,True,True,11,WIN,0.9091,False
20260512,Angel Reese,ATL,ATL @ DAL,Points,14.5,OVER,,-110,57.2,8,True,True,12,LOSS,-1.0,False
20260512,Natasha Howard,MIN,MIN @ PHX,Points,14.5,UNDER,,-110,52.7,9,True,True,14,WIN,0.9091,False
20260512,Jonquel Jones,NY,NY @ POR,Rebounds,8.5,UNDER,,-110,48.0,10,True,True,7,WIN,0.9091,False
20260512,Marine Johannes,NY,NY @ POR,Points,15.5,UNDER,,-110,45.1,11,False,True,18,LOSS,-1.0,False
20260512,DeWanna Bonner,PHX,MIN @ PHX,Rebounds,5.5,UNDER,,-110,39.4,12,False,True,7,LOSS,-1.0,False
20260512,Rhyne Howard,ATL,ATL @ DAL,Points,16.5,OVER,,-110,35.3,13,False,True,14,LOSS,-1.0,False
20260512,Breanna Stewart,NY,NY @ POR,Points,21.5,OVER,,-110,33.3,14,False,True,16,LOSS,-1.0,False
20260512,Jordin Canada,ATL,ATL @ DAL,Points,10.5,OVER,,-110,31.7,15,False,True,19,WIN,0.9091,False
20260512,Allisha Gray,ATL,ATL @ DAL,Points,17.5,OVER,,-110,31.4,16,False,True,26,WIN,0.9091,False
20260512,Alanna Smith,DAL,ATL @ DAL,Rebounds,5.5,UNDER,,-110,28.8,17,False,True,6,LOSS,-1.0,False
20260512,Alyssa Thomas,PHX,MIN @ PHX,Points,17.5,UNDER,,-110,28.4,18,False,True,10,WIN,0.9091,False
20260513,Chennedy Carter,LV,LV @ CON,Points,11.5,OVER,,-110,83.3,1,True,True,27,WIN,0.9091,False
20260513,Dominique Malonga,SEA,SEA @ TOR,Points,15.5,UNDER,,-110,81.9,2,True,True,21,LOSS,-1.0,False
20260513,Flau'jae Johnson,SEA,SEA @ TOR,Points,14.5,UNDER,,-110,76.9,3,True,True,7,WIN,0.9091,False
20260513,Flau'jae Johnson,SEA,SEA @ TOR,Rebounds,3.5,OVER,,-110,62.5,4,True,True,6,WIN,0.9091,False
20260513,Nyara Sabally,TOR,SEA @ TOR,Points,8.5,UNDER,,-110,58.7,5,True,True,8,WIN,0.9091,False
20260513,Nyara Sabally,TOR,SEA @ TOR,Rebounds,5.5,UNDER,,-110,54.6,6,True,True,5,WIN,0.9091,False
20260513,Dearica Hamby,LA,IND @ LA,Points,15.5,OVER,,-110,52.8,7,True,True,16,WIN,0.9091,False
20260513,Dominique Malonga,SEA,SEA @ TOR,Rebounds,9.5,UNDER,,-110,47.7,8,True,True,7,WIN,0.9091,False
20260513,Nneka Ogwumike,LA,IND @ LA,Points,17.5,OVER,,-110,44.2,9,True,True,10,LOSS,-1.0,False
20260513,Kelsey Plum,LA,IND @ LA,Points,18.5,OVER,,-110,43.3,10,True,True,25,WIN,0.9091,False
20260513,Brittney Sykes,TOR,SEA @ TOR,Points,16.5,UNDER,,-110,43.0,11,False,True,18,LOSS,-1.0,False
20260513,Gabby Williams,GS,CHI @ GS,Points,12.5,UNDER,,-110,37.9,12,False,True,18,LOSS,-1.0,False
20260513,Saniya Rivers,CON,LV @ CON,Points,9.5,OVER,,-110,37.1,13,False,True,8,LOSS,-1.0,False
20260513,Caitlin Clark,IND,IND @ LA,Points,19.5,UNDER,,-110,34.4,14,False,True,24,LOSS,-1.0,False
20260513,Aneesah Morrow,CON,LV @ CON,Points,13.5,UNDER,,-110,34.2,15,False,True,16,LOSS,-1.0,False
20260513,Natisha Hiedeman,SEA,SEA @ TOR,Points,12.5,UNDER,,-110,33.2,16,False,True,5,WIN,0.9091,False
20260513,Kamilla Cardoso,CHI,CHI @ GS,Points,14.5,OVER,,-110,29.6,17,False,True,8,LOSS,-1.0,False
20260513,Brittney Sykes,TOR,SEA @ TOR,Rebounds,3.5,UNDER,,-110,28.3,18,False,True,8,LOSS,-1.0,False
20260513,Gabby Williams,GS,CHI @ GS,Rebounds,4.5,UNDER,,-110,27.9,19,False,True,5,LOSS,-1.0,False
20260513,Nneka Ogwumike,LA,IND @ LA,Rebounds,8.5,UNDER,,-110,26.7,20,False,True,5,WIN,0.9091,False
20260513,Rickea Jackson,CHI,CHI @ GS,Rebounds,4.5,UNDER,,-110,26.1,21,False,True,5,LOSS,-1.0,False
20260513,Kayla Thornton,GS,CHI @ GS,Rebounds,6.5,OVER,,-110,25.6,22,False,True,6,LOSS,-1.0,False
20260513,Jackie Young,LV,LV @ CON,Rebounds,4.5,OVER,,-110,25.3,23,False,True,1,LOSS,-1.0,False
20260514,Olivia Miles,MIN,MIN @ DAL,Rebounds,4.5,UNDER,,-110,100.0,1,True,True,2,WIN,0.9091,False
20260514,Carla Leite,POR,NY @ POR,Points,15.5,UNDER,,-110,82.3,2,True,True,,VOID,0.0,False
20260514,Luisa Geiselsoder,POR,NY @ POR,Rebounds,5.5,UNDER,,-110,81.5,3,True,True,5,WIN,0.9091,False
20260514,Olivia Miles,MIN,MIN @ DAL,Points,15.5,OVER,,-110,80.0,4,True,True,15,LOSS,-1.0,False
20260514,Bridget Carleton,POR,NY @ POR,Points,14.5,UNDER,,-110,71.3,5,True,True,11,WIN,0.9091,False
20260514,Luisa Geiselsoder,POR,NY @ POR,Points,10.5,UNDER,,-110,60.8,6,True,True,6,WIN,0.9091,False
20260514,Jonquel Jones,NY,NY @ POR,Rebounds,8.5,UNDER,,-110,47.4,7,True,True,9,LOSS,-1.0,False
20260514,Pauline Astier,NY,NY @ POR,Rebounds,3.5,OVER,,-110,43.2,8,True,True,3,LOSS,-1.0,False
20260514,Alanna Smith,DAL,MIN @ DAL,Rebounds,5.5,UNDER,,-110,40.7,9,True,True,4,WIN,0.9091,False
20260514,Marine Johannes,NY,NY @ POR,Points,14.5,UNDER,,-110,39.0,10,True,True,3,WIN,0.9091,False
20260514,Pauline Astier,NY,NY @ POR,Points,12.5,OVER,,-110,32.9,11,False,True,20,WIN,0.9091,False
20260514,Betnijah Laney-Hamilton,NY,NY @ POR,Points,10.5,OVER,,-110,32.1,12,False,True,8,LOSS,-1.0,False
20260514,Breanna Stewart,NY,NY @ POR,Points,21.5,OVER,,-110,27.9,13,False,True,22,WIN,0.9091,False
20260515,Georgia Amoore,WSH,WSH @ IND,Points,9.5,UNDER,,-110,80.0,1,True,True,7,WIN,0.9091,False
20260515,Caitlin Clark,IND,WSH @ IND,Points,19.5,UNDER,,-110,71.1,2,True,True,32,LOSS,-1.0,False
20260515,Brittney Sykes,TOR,TOR @ LA,Points,15.5,UNDER,,-110,64.5,3,True,True,27,LOSS,-1.0,False
20260515,Dearica Hamby,LA,TOR @ LA,Rebounds,7.5,OVER,,-110,64.4,4,True,True,7,LOSS,-1.0,False
20260515,Nyara Sabally,TOR,TOR @ LA,Points,8.5,UNDER,,-110,62.7,5,True,True,14,LOSS,-1.0,False
20260515,Monique Billings,IND,WSH @ IND,Points,7.5,UNDER,,-110,59.0,6,True,True,10,LOSS,-1.0,False
20260515,Kelsey Mitchell,IND,WSH @ IND,Points,21.5,UNDER,,-110,58.1,7,True,True,24,LOSS,-1.0,False
20260515,Sonia Citron,WSH,WSH @ IND,Rebounds,3.5,UNDER,,-110,57.6,8,True,True,6,LOSS,-1.0,False
20260515,Kiki Iriafen,WSH,WSH @ IND,Points,14.5,OVER,,-110,56.8,9,True,True,25,WIN,0.9091,False
20260515,Aliyah Boston,IND,WSH @ IND,Points,15.5,UNDER,,-110,54.8,10,True,True,9,WIN,0.9091,False
20260515,Diamond Miller,CON,LV @ CON,Points,10.5,UNDER,,-110,54.7,11,False,True,10,WIN,0.9091,False
20260515,Shakira Austin,WSH,WSH @ IND,Rebounds,8.5,UNDER,,-110,52.3,12,False,True,9,LOSS,-1.0,False
20260515,Brittney Griner,CON,LV @ CON,Points,12.5,UNDER,,-110,52.1,13,False,True,,VOID,0.0,False
20260515,Brittney Sykes,TOR,TOR @ LA,Rebounds,3.5,UNDER,,-110,49.6,14,False,True,4,LOSS,-1.0,False
20260515,Kelsey Plum,LA,TOR @ LA,Rebounds,3.5,OVER,,-110,44.1,15,False,True,0,LOSS,-1.0,False
20260515,Alyssa Thomas,PHX,CHI @ PHX,Points,16.5,UNDER,,-110,42.7,16,False,True,17,LOSS,-1.0,False
20260515,DeWanna Bonner,PHX,CHI @ PHX,Rebounds,6.5,UNDER,,-110,40.7,17,False,True,7,LOSS,-1.0,False
20260515,Nyara Sabally,TOR,TOR @ LA,Rebounds,6.5,UNDER,,-110,39.2,18,False,True,9,LOSS,-1.0,False
20260515,Sophie Cunningham,IND,WSH @ IND,Rebounds,3.5,UNDER,,-110,38.9,19,False,True,1,WIN,0.9091,False
20260515,Chennedy Carter,LV,LV @ CON,Points,13.5,OVER,,-110,37.4,20,False,True,18,WIN,0.9091,False
20260515,Brittney Griner,CON,LV @ CON,Rebounds,5.5,UNDER,,-110,36.3,21,False,True,,VOID,0.0,False
20260515,Kelsey Plum,LA,TOR @ LA,Points,20.5,UNDER,,-110,33.5,22,False,True,27,LOSS,-1.0,False
20260515,Nneka Ogwumike,LA,TOR @ LA,Points,17.5,UNDER,,-110,31.8,23,False,True,20,LOSS,-1.0,False
20260515,Rickea Jackson,CHI,CHI @ PHX,Rebounds,4.5,UNDER,,-110,30.9,24,False,True,6,LOSS,-1.0,False
20260515,NaLyssa Smith,LV,LV @ CON,Rebounds,5.5,UNDER,,-110,30.0,25,False,True,4,WIN,0.9091,False
20260515,Saniya Rivers,CON,LV @ CON,Points,8.5,OVER,,-110,29.8,26,False,True,14,WIN,0.9091,False
20260515,Erica Wheeler,LA,TOR @ LA,Points,8.5,UNDER,,-110,29.7,27,False,True,10,LOSS,-1.0,False
20260515,Rickea Jackson,CHI,CHI @ PHX,Points,16.5,UNDER,,-110,28.3,28,False,True,29,LOSS,-1.0,False
20260515,Monique Billings,IND,WSH @ IND,Rebounds,5.5,UNDER,,-110,27.8,29,False,True,9,LOSS,-1.0,False
20260515,Skylar Diggins,CHI,CHI @ PHX,Points,16.5,UNDER,,-110,25.1,30,False,True,0,WIN,0.9091,False
20260517,Stefanie Dolson,SEA,SEA @ IND,Rebounds,4.5,UNDER,,-110,101.4,1,True,True,5,LOSS,-1.0,False
20260517,Monique Billings,IND,SEA @ IND,Rebounds,7.5,UNDER,,-110,95.5,2,True,True,5,WIN,0.9091,False
20260517,Cameron Brink,LA,TOR @ LA,Points,7.5,UNDER,,-110,66.5,3,True,True,7,WIN,0.9091,False
20260517,Dearica Hamby,LA,TOR @ LA,Rebounds,7.5,OVER,,-110,56.2,4,True,True,9,WIN,0.9091,False
20260517,Nyara Sabally,TOR,TOR @ LA,Points,9.5,UNDER,,-110,55.1,5,True,True,7,WIN,0.9091,False
20260517,Kelsey Plum,LA,TOR @ LA,Points,21.5,UNDER,,-110,54.6,6,True,True,28,LOSS,-1.0,False
20260517,Brittney Sykes,TOR,TOR @ LA,Points,17.5,UNDER,,-110,53.6,7,True,True,38,LOSS,-1.0,False
20260517,Olivia Miles,MIN,CHI @ MIN,Points,15.5,OVER,,-110,52.0,8,True,True,13,LOSS,-1.0,False
20260517,Natisha Hiedeman,SEA,SEA @ IND,Rebounds,2.5,UNDER,,-110,49.8,9,True,True,2,WIN,0.9091,False
20260517,Nyara Sabally,TOR,TOR @ LA,Rebounds,6.5,UNDER,,-110,49.0,10,True,True,4,WIN,0.9091,False
20260517,Jade Melbourne,SEA,SEA @ IND,Points,10.5,UNDER,,-110,41.4,11,False,True,12,LOSS,-1.0,False
20260517,Sophie Cunningham,IND,SEA @ IND,Rebounds,2.5,UNDER,,-110,39.9,12,False,True,3,LOSS,-1.0,False
20260517,Stefanie Dolson,SEA,SEA @ IND,Points,8.5,UNDER,,-110,39.8,13,False,True,6,WIN,0.9091,False
20260517,Erica Wheeler,LA,TOR @ LA,Points,10.5,UNDER,,-110,39.6,14,False,True,4,WIN,0.9091,False
20260517,Nia Coffey,MIN,CHI @ MIN,Rebounds,6.5,UNDER,,-110,39.0,15,False,True,3,WIN,0.9091,False
20260517,Monique Billings,IND,SEA @ IND,Points,9.5,UNDER,,-110,35.1,16,False,True,4,WIN,0.9091,False
20260517,Flau'jae Johnson,SEA,SEA @ IND,Rebounds,4.5,OVER,,-110,33.2,17,False,True,6,WIN,0.9091,False
20260517,Nneka Ogwumike,LA,TOR @ LA,Points,17.5,UNDER,,-110,29.9,18,False,True,17,WIN,0.9091,False
20260517,Kamilla Cardoso,CHI,CHI @ MIN,Points,13.5,OVER,,-110,28.4,19,False,True,11,LOSS,-1.0,False
20260518,Arike Ogunbowale,DAL,WSH @ DAL,Points,17.5,UNDER,,-110,67.7,1,True,True,16,WIN,0.9091,False
20260518,Carla Leite,POR,CON @ POR,Points,16.5,UNDER,,-110,58.2,2,True,True,,VOID,0.0,False
20260518,Alanna Smith,DAL,WSH @ DAL,Points,8.5,UNDER,,-110,54.1,3,True,True,3,WIN,0.9091,False
20260518,Sonia Citron,WSH,WSH @ DAL,Rebounds,3.5,UNDER,,-110,53.8,4,True,True,1,WIN,0.9091,False
20260518,Bridget Carleton,POR,CON @ POR,Points,15.5,UNDER,,-110,53.6,5,True,True,18,LOSS,-1.0,False
20260518,Kiki Iriafen,WSH,WSH @ DAL,Points,15.5,OVER,,-110,53.1,6,True,True,9,LOSS,-1.0,False
20260518,Carla Leite,POR,CON @ POR,Rebounds,2.5,UNDER,,-110,50.2,7,True,True,,VOID,0.0,False
20260518,Paige Bueckers,DAL,WSH @ DAL,Points,20.5,UNDER,,-110,49.7,8,True,True,18,WIN,0.9091,False
20260518,Hailey Van Lith,CON,CON @ POR,Points,10.5,UNDER,,-110,47.8,9,True,True,12,LOSS,-1.0,False
20260518,Shakira Austin,WSH,WSH @ DAL,Rebounds,8.5,UNDER,,-110,46.9,10,True,True,4,WIN,0.9091,False
20260518,Diamond Miller,CON,CON @ POR,Points,9.5,UNDER,,-110,44.2,11,False,True,3,WIN,0.9091,False
20260518,Luisa Geiselsoder,POR,CON @ POR,Points,11.5,UNDER,,-110,43.7,12,False,True,2,WIN,0.9091,False
20260518,Jessica Shepard,DAL,WSH @ DAL,Points,10.5,UNDER,,-110,41.6,13,False,True,12,LOSS,-1.0,False
20260518,Luisa Geiselsoder,POR,CON @ POR,Rebounds,6.5,UNDER,,-110,39.4,14,False,True,2,WIN,0.9091,False
20260518,Saniya Rivers,CON,CON @ POR,Points,9.5,OVER,,-110,36.7,15,False,True,9,LOSS,-1.0,False
20260518,Odyssey Sims,DAL,WSH @ DAL,Points,9.5,UNDER,,-110,26.5,16,False,True,0,WIN,0.9091,False
20260519,Nyara Sabally,TOR,TOR @ PHX,Points,7.5,UNDER,,-110,86.5,1,True,True,,VOID,0.0,False
20260519,Natasha Mack,PHX,TOR @ PHX,Points,8.5,UNDER,,-110,82.6,2,True,True,12,LOSS,-1.0,False
20260519,Alyssa Thomas,PHX,TOR @ PHX,Points,15.5,UNDER,,-110,67.4,3,True,True,17,LOSS,-1.0,False
20260519,Kahleah Copper,PHX,TOR @ PHX,Points,18.5,UNDER,,-110,55.4,4,True,True,18,WIN,0.9091,False
20260519,Nyara Sabally,TOR,TOR @ PHX,Rebounds,5.5,UNDER,,-110,55.1,5,True,True,,VOID,0.0,False
20260519,Brittney Sykes,TOR,TOR @ PHX,Points,19.5,UNDER,,-110,54.9,6,True,True,31,LOSS,-1.0,False
20260519,Marina Mabrey,TOR,TOR @ PHX,Points,17.5,UNDER,,-110,48.0,7,True,True,30,LOSS,-1.0,False
20260519,DeWanna Bonner,PHX,TOR @ PHX,Points,11.5,UNDER,,-110,41.8,8,True,True,13,LOSS,-1.0,False
20260519,Jovana Nogic,PHX,TOR @ PHX,Points,12.5,OVER,,-110,31.0,9,True,True,13,WIN,0.9091,False
20260519,Kiki Rice,TOR,TOR @ PHX,Rebounds,3.5,UNDER,,-110,27.8,10,True,True,7,LOSS,-1.0,False
20260522,Rhyne Howard,ATL,DAL @ ATL,Points,15.5,OVER,BO,-110,67.5,1,True,True,25,WIN,0.9091,False
20260522,Janelle Salaun,GS,GS @ IND,Points,11.5,OVER,BO,-110,65.0,2,True,True,4,LOSS,-1.0,False
20260522,Janelle Salaun,GS,GS @ IND,Rebounds,3.5,OVER,DK,-110,62.6,3,True,True,2,LOSS,-1.0,False
20260522,Angel Reese,ATL,DAL @ ATL,Points,13.5,OVER,FD,-110,55.6,4,True,True,15,WIN,0.9091,False
20260522,Kiah Stokes,GS,GS @ IND,Rebounds,4.5,UNDER,BO,-110,53.8,5,True,True,7,LOSS,-1.0,False
20260522,Alanna Smith,DAL,DAL @ ATL,Rebounds,4.5,UNDER,DK,-110,53.0,6,True,True,2,WIN,0.9091,False
20260522,Monique Billings,IND,GS @ IND,Rebounds,6.5,UNDER,FD,-110,49.6,7,True,True,3,WIN,0.9091,False
20260522,Kelsey Mitchell,IND,GS @ IND,Rebounds,2.5,UNDER,DK,-110,41.3,8,True,True,0,WIN,0.9091,False
20260522,Lexie Hull,IND,GS @ IND,Rebounds,3.5,UNDER,BO,-110,37.1,9,True,True,4,LOSS,-1.0,False
20260522,Veronica Burton,GS,GS @ IND,Points,14.5,OVER,FD,-110,35.7,10,True,True,17,WIN,0.9091,False
20260522,Jordin Canada,ATL,DAL @ ATL,Points,10.5,OVER,FD,-110,35.1,11,False,True,9,LOSS,-1.0,False
20260522,Gabby Williams,GS,GS @ IND,Rebounds,4.5,UNDER,DK,-110,33.5,12,False,True,0,WIN,0.9091,False
20260522,Jade Melbourne,SEA,CON @ SEA,Points,11.5,UNDER,BO,-110,31.5,13,False,True,4,WIN,0.9091,False
20260522,Sophie Cunningham,IND,GS @ IND,Rebounds,3.5,UNDER,BO,-110,29.5,14,False,True,0,WIN,0.9091,False
20260522,Azzi Fudd,DAL,DAL @ ATL,Points,8.5,OVER,BO,-110,26.1,15,False,True,7,LOSS,-1.0,False
20260522,Caitlin Clark,IND,GS @ IND,Rebounds,5.5,UNDER,FD,-110,26.0,16,False,True,2,WIN,0.9091,False
20260522,Kayla Thornton,GS,GS @ IND,Rebounds,5.5,OVER,FD,-110,25.3,17,False,True,2,LOSS,-1.0,False
20260523,Carla Leite,POR,POR @ TOR,Points,15.5,UNDER,BO,-110,76.0,1,True,True,15,WIN,0.9091,False
20260523,Bridget Carleton,POR,POR @ TOR,Points,15.5,UNDER,FD,-110,70.9,2,True,True,15,WIN,0.9091,False
20260523,Carla Leite,POR,POR @ TOR,Rebounds,2.5,UNDER,BO,-110,62.3,3,True,True,3,LOSS,-1.0,False
20260523,Chennedy Carter,LV,LA @ LV,Points,15.5,OVER,BO,-110,58.9,4,True,True,23,WIN,0.9091,False
20260523,Kiki Rice,TOR,POR @ TOR,Points,12.5,OVER,BO,-110,57.8,5,True,True,19,WIN,0.9091,False
20260523,Emily Engstler,POR,POR @ TOR,Points,9.5,UNDER,BO,-110,45.1,6,True,True,16,LOSS,-1.0,False
20260523,Dearica Hamby,LA,LA @ LV,Points,16.5,OVER,BR,-110,43.0,7,True,True,16,LOSS,-1.0,False
20260523,Nneka Ogwumike,LA,LA @ LV,Points,16.5,OVER,BO,-110,42.2,8,True,True,,VOID,0.0,False
20260523,Bridget Carleton,POR,POR @ TOR,Rebounds,3.5,OVER,DK,-110,40.2,9,True,True,2,LOSS,-1.0,False
20260523,Gabriela Jaquez,CHI,MIN @ CHI,Rebounds,4.5,OVER,BO,-110,39.5,10,True,True,4,LOSS,-1.0,False
20260523,Olivia Miles,MIN,MIN @ CHI,Points,14.5,OVER,FD,-110,38.1,11,False,True,14,LOSS,-1.0,False
20260523,Dearica Hamby,LA,LA @ LV,Rebounds,7.5,OVER,BO,-110,36.1,12,False,True,5,LOSS,-1.0,False
20260523,Kamilla Cardoso,CHI,MIN @ CHI,Points,13.5,OVER,DK,-110,34.2,13,False,True,17,WIN,0.9091,False
20260523,Jacy Sheldon,CHI,MIN @ CHI,Points,7.5,OVER,BO,-110,32.7,14,False,True,5,LOSS,-1.0,False
20260523,Ariel Atkins,LA,LA @ LV,Rebounds,3.5,OVER,BO,-110,29.4,15,False,True,3,LOSS,-1.0,False
20260523,NaLyssa Smith,LV,LA @ LV,Rebounds,5.5,UNDER,FD,-110,28.7,16,False,True,9,LOSS,-1.0,False
20260523,Kayla McBride,MIN,MIN @ CHI,Rebounds,3.5,UNDER,FD,-110,27.9,17,False,True,6,LOSS,-1.0,False
20260524,Flau'jae Johnson,SEA,WSH @ SEA,Points,14.5,UNDER,BO,-110,84.7,1,True,True,17,LOSS,-1.0,False
20260524,Satou Sabally,NY,DAL @ NY,Points,9.5,OVER,DK,-110,80.9,2,True,True,20,WIN,0.9091,False
20260524,Sabrina Ionescu,NY,DAL @ NY,Points,13.5,OVER,BO,-110,66.4,3,True,True,11,LOSS,-1.0,False
20260524,Shakira Austin,WSH,WSH @ SEA,Rebounds,8.5,UNDER,DK,-110,47.6,4,True,True,4,WIN,0.9091,False
20260524,Sonia Citron,WSH,WSH @ SEA,Rebounds,3.5,UNDER,DK,-110,46.2,5,True,True,5,LOSS,-1.0,False
20260524,Breanna Stewart,NY,DAL @ NY,Points,19.5,OVER,FD,-110,45.2,6,True,True,14,LOSS,-1.0,False
20260524,Allisha Gray,ATL,PHX @ ATL,Points,19.5,UNDER,DK,-110,43.9,7,True,True,18,WIN,0.9091,False
20260524,Azzi Fudd,DAL,DAL @ NY,Points,8.5,UNDER,DK,-110,42.2,8,True,True,24,LOSS,-1.0,False
20260524,Jovana Nogic,PHX,PHX @ ATL,Points,13.5,OVER,FD,-110,40.5,9,True,True,11,LOSS,-1.0,False
20260524,Arike Ogunbowale,DAL,DAL @ NY,Points,16.5,UNDER,DK,-110,38.0,10,True,True,19,LOSS,-1.0,False
20260524,Sabrina Ionescu,NY,DAL @ NY,Rebounds,3.5,OVER,BO,-110,37.6,11,False,True,5,WIN,0.9091,False
20260524,Natasha Mack,PHX,PHX @ ATL,Points,9.5,UNDER,FD,-110,36.6,12,False,True,6,WIN,0.9091,False
20260524,Flau'jae Johnson,SEA,WSH @ SEA,Rebounds,4.5,OVER,FD,-110,35.4,13,False,True,6,WIN,0.9091,False
20260524,Natisha Hiedeman,SEA,WSH @ SEA,Points,13.5,UNDER,BO,-110,33.6,14,False,True,24,LOSS,-1.0,False
20260524,Paige Bueckers,DAL,DAL @ NY,Points,18.5,UNDER,DK,-110,31.5,15,False,True,24,LOSS,-1.0,False
20260524,Jonquel Jones,NY,DAL @ NY,Points,12.5,OVER,FD,-110,30.6,16,False,True,14,WIN,0.9091,False
20260524,Jessica Shepard,DAL,DAL @ NY,Points,10.5,UNDER,DK,-110,27.4,17,False,True,10,WIN,0.9091,False
20260524,Jonquel Jones,NY,DAL @ NY,Rebounds,7.5,UNDER,BO,-110,26.4,18,False,True,7,WIN,0.9091,False
20260525,Carla Leite,POR,POR @ NY,Rebounds,2.5,UNDER,DK,-110,82.9,1,True,True,0,WIN,0.9091,False
20260525,Carla Leite,POR,POR @ NY,Points,13.5,UNDER,DK,-110,82.2,2,True,True,18,LOSS,-1.0,False
20260525,Bridget Carleton,POR,POR @ NY,Points,13.5,UNDER,DK,-110,73.6,3,True,True,10,WIN,0.9091,False
20260525,Sarah Ashlee Barker,POR,POR @ NY,Points,7.5,UNDER,FD,-110,67.5,4,True,True,7,WIN,0.9091,False
20260525,Luisa Geiselsoder,POR,POR @ NY,Rebounds,4.5,UNDER,FD,-110,64.8,5,True,True,5,LOSS,-1.0,False
20260525,Emily Engstler,POR,POR @ NY,Points,8.5,UNDER,FD,-110,62.5,6,True,True,8,WIN,0.9091,False
20260525,Aaliyah Edwards,CON,CON @ GS,Points,9.5,UNDER,DK,-110,56.2,7,True,True,8,WIN,0.9091,False
20260525,Diamond Miller,CON,CON @ GS,Points,9.5,UNDER,DK,-110,54.8,8,True,True,4,WIN,0.9091,False
20260525,Janelle Salaun,GS,CON @ GS,Rebounds,3.5,OVER,DK,-110,53.1,9,True,True,4,WIN,0.9091,False
20260525,Satou Sabally,NY,POR @ NY,Points,14.5,OVER,DK,-110,52.1,10,True,True,2,LOSS,-1.0,False
20260525,Luisa Geiselsoder,POR,POR @ NY,Points,6.5,UNDER,FD,-110,51.5,11,False,True,6,WIN,0.9091,False
20260525,Janelle Salaun,GS,CON @ GS,Points,11.5,OVER,BR,-110,49.9,12,False,True,9,LOSS,-1.0,False
20260525,Kayla Thornton,GS,CON @ GS,Rebounds,4.5,OVER,DK,-110,47.5,13,False,True,8,WIN,0.9091,False
20260525,Aaliyah Edwards,CON,CON @ GS,Rebounds,4.5,UNDER,FD,-110,44.6,14,False,True,5,LOSS,-1.0,False
20260525,Breanna Stewart,NY,POR @ NY,Points,20.5,OVER,BR,-110,37.0,15,False,True,25,WIN,0.9091,False
20260525,Veronica Burton,GS,CON @ GS,Rebounds,3.5,OVER,DK,-110,30.9,16,False,True,2,LOSS,-1.0,False
20260525,Nyadiew Puoch,POR,POR @ NY,Points,5.5,UNDER,DK,-110,27.3,17,False,True,5,WIN,0.9091,False
20260525,Emily Engstler,POR,POR @ NY,Rebounds,3.5,UNDER,DK,-110,27.1,18,False,True,5,LOSS,-1.0,False
20260525,Kayla Thornton,GS,CON @ GS,Points,11.5,OVER,BR,-110,26.2,19,False,True,5,LOSS,-1.0,False
20260527,Carla Leite,POR,CON @ POR,Rebounds,2.5,UNDER,DK,-110,65.9,1,True,True,0,WIN,0.9091,False
20260527,Kiki Rice,TOR,TOR @ CHI,Points,12.5,OVER,BR,-110,49.6,2,True,True,14,WIN,0.9091,False
20260527,Jovana Nogic,PHX,PHX @ NY,Points,10.5,OVER,DK,-110,48.5,3,True,True,9,LOSS,-1.0,False
20260527,Naz Hillmon,ATL,ATL @ MIN,Rebounds,4.5,OVER,FD,-110,47.9,4,True,True,8,WIN,0.9091,False
20260527,Carla Leite,POR,CON @ POR,Points,15.5,UNDER,FD,-110,47.0,5,True,True,20,LOSS,-1.0,False
20260527,Brittney Sykes,TOR,TOR @ CHI,Points,19.5,UNDER,DK,-110,46.4,6,True,True,20,LOSS,-1.0,False
20260527,Georgia Amoore,WSH,WSH @ SEA,Points,7.5,UNDER,DK,-110,45.6,7,True,True,7,WIN,0.9091,False
20260527,Emily Engstler,POR,CON @ POR,Points,8.5,UNDER,DK,-110,42.9,8,True,True,4,WIN,0.9091,False
20260527,Bridget Carleton,POR,CON @ POR,Points,14.5,UNDER,DK,-110,42.2,9,True,True,13,WIN,0.9091,False
20260527,Aaliyah Edwards,CON,CON @ POR,Points,10.5,UNDER,DK,-110,38.7,10,True,True,0,WIN,0.9091,False
20260527,Nyara Sabally,TOR,TOR @ CHI,Points,8.5,UNDER,FD,-110,37.5,11,False,True,29,LOSS,-1.0,False
20260527,Sonia Citron,WSH,WSH @ SEA,Points,16.5,UNDER,FD,-110,37.3,12,False,True,7,WIN,0.9091,False
20260527,Flau'jae Johnson,SEA,WSH @ SEA,Rebounds,5.5,OVER,FD,-110,35.9,13,False,True,2,LOSS,-1.0,False
20260527,Shakira Austin,WSH,WSH @ SEA,Points,14.5,UNDER,FD,-110,35.9,14,False,True,18,LOSS,-1.0,False
20260527,Natasha Cloud,CHI,TOR @ CHI,Rebounds,3.5,OVER,BR,-110,35.8,15,False,True,5,WIN,0.9091,False
20260527,Natasha Howard,MIN,ATL @ MIN,Rebounds,7.5,OVER,FD,-110,35.7,16,False,True,8,WIN,0.9091,False
20260527,Satou Sabally,NY,PHX @ NY,Rebounds,4.5,UNDER,DK,-110,34.0,17,False,True,,VOID,0.0,False
20260527,Kiki Rice,TOR,TOR @ CHI,Rebounds,4.5,OVER,FD,-110,33.9,18,False,True,8,WIN,0.9091,False
20260527,Emily Engstler,POR,CON @ POR,Rebounds,4.5,UNDER,FD,-110,31.9,19,False,True,1,WIN,0.9091,False
20260527,Rhyne Howard,ATL,ATL @ MIN,Points,16.5,OVER,FD,-110,29.5,20,False,True,10,LOSS,-1.0,False
20260527,Natasha Mack,PHX,PHX @ NY,Points,8.5,UNDER,DK,-110,27.8,21,False,True,14,LOSS,-1.0,False
20260527,Shakira Austin,WSH,WSH @ SEA,Rebounds,7.5,UNDER,FD,-110,26.5,22,False,True,13,LOSS,-1.0,False
20260527,Olivia Miles,MIN,ATL @ MIN,Points,14.5,OVER,BR,-110,25.4,23,False,True,16,WIN,0.9091,False
20260528,Chennedy Carter,LV,LV @ DAL,Points,15.5,OVER,FD,-110,56.8,1,True,True,14,LOSS,-1.0,False
20260528,NaLyssa Smith,LV,LV @ DAL,Rebounds,5.5,UNDER,FD,-110,41.8,2,True,True,12,LOSS,-1.0,False
20260528,Caitlin Clark,IND,IND @ GS,Points,20.5,UNDER,DK,-110,34.4,3,True,True,16,WIN,0.9091,False
20260528,Jackie Young,LV,LV @ DAL,Rebounds,4.5,OVER,DK,-110,29.7,4,True,True,3,LOSS,-1.0,False
20260528,Chelsea Gray,LV,LV @ DAL,Points,11.5,OVER,FD,-110,29.2,5,True,True,8,LOSS,-1.0,False
20260528,Gabby Williams,GS,IND @ GS,Rebounds,3.5,UNDER,DK,-110,29.0,6,True,True,6,LOSS,-1.0,False
20260528,Gabby Williams,GS,IND @ GS,Points,11.5,UNDER,DK,-110,28.8,7,True,True,19,LOSS,-1.0,False
20260528,Azzi Fudd,DAL,LV @ DAL,Points,11.5,UNDER,FD,-110,27.6,8,True,True,22,LOSS,-1.0,False
20260528,Paige Bueckers,DAL,LV @ DAL,Rebounds,3.5,UNDER,DK,-110,24.8,9,True,False,3,WIN,0.9091,False
20260528,Lexie Hull,IND,IND @ GS,Rebounds,3.5,UNDER,FD,-110,24.3,10,True,False,6,LOSS,-1.0,False
20260529,Azura Stevens,CHI,MIN @ CHI,Rebounds,3.5,OVER,DK,115,62.7,1,True,True,1,LOSS,-1.0,True
20260529,Jovana Nogic,PHX,PHX @ NY,Points,9.5,OVER,WH,-107,50.2,2,True,True,8,LOSS,-1.0,True
20260529,Ariel Atkins,LA,LA @ WSH,Rebounds,2.5,OVER,FD,-110,46.2,3,True,True,2,LOSS,-1.0,False
20260529,Kamilla Cardoso,CHI,MIN @ CHI,Rebounds,8.5,OVER,FD,116,39.2,4,True,True,13,WIN,1.16,True
20260529,Azura Stevens,CHI,MIN @ CHI,Points,5.5,OVER,FD,-114,38.8,5,True,True,4,LOSS,-1.0,True
20260529,DeWanna Bonner,PHX,PHX @ NY,Rebounds,3.5,OVER,FD,-130,35.9,6,True,True,3,LOSS,-1.0,True
20260529,Natasha Cloud,CHI,MIN @ CHI,Rebounds,4.5,OVER,FD,132,34.7,7,True,True,4,LOSS,-1.0,True
20260529,Carla Leite,POR,ATL @ POR,Points,15.5,UNDER,DK,-107,34.4,8,True,True,11,WIN,0.9346,True
20260529,Natasha Howard,MIN,MIN @ CHI,Points,16.5,OVER,TSB,-105,32.9,9,True,True,14,LOSS,-1.0,True
20260529,Dearica Hamby,LA,LA @ WSH,Points,18.5,OVER,FD,100,32.7,10,True,True,14,LOSS,-1.0,True
20260529,Shakira Austin,WSH,LA @ WSH,Rebounds,8.5,UNDER,FD,-102,32.1,11,False,True,10,LOSS,-1.0,True
20260529,Nneka Ogwumike,LA,LA @ WSH,Points,16.5,OVER,FD,-106,31.1,12,False,True,20,WIN,0.9434,True
20260529,Natasha Howard,MIN,MIN @ CHI,Rebounds,7.5,OVER,FD,-106,30.3,13,False,True,7,LOSS,-1.0,True
20260529,Courtney Williams,MIN,MIN @ CHI,Points,15.5,OVER,FD,100,27.0,14,False,True,10,LOSS,-1.0,True
20260529,Georgia Amoore,WSH,LA @ WSH,Points,6.5,OVER,DK,-105,26.4,15,False,True,1,LOSS,-1.0,True
20260529,Bridget Carleton,POR,ATL @ POR,Points,13.5,UNDER,DK,-109,25.8,16,False,True,,VOID,0.0,True
20260530,Carla Leite,POR,IND @ POR,Points,15.5,UNDER,DK,-113,39.2,1,True,True,18,LOSS,-1.0,True
20260530,Bridget Carleton,POR,IND @ POR,Points,14.5,UNDER,WH,-120,35.3,2,True,True,14,WIN,0.8333,True
20260530,Kiki Rice,TOR,SEA @ TOR,Points,12.5,OVER,DK,-121,32.4,3,True,True,17,WIN,0.8264,True
20260530,Nneka Ogwumike,LA,LA @ CON,Points,16.5,OVER,DK,-116,24.1,4,True,False,12,LOSS,-1.0,True
20260530,Aliyah Boston,IND,IND @ POR,Rebounds,8.5,UNDER,DK,-130,21.8,5,True,False,7,WIN,0.7692,True
20260530,Marina Mabrey,TOR,SEA @ TOR,Rebounds,3.5,OVER,WH,-143,21.5,6,True,False,3,LOSS,-1.0,True
20260530,Nyara Sabally,TOR,SEA @ TOR,Points,9.5,UNDER,FD,-114,20.1,7,True,False,8,WIN,0.8772,True
20260530,Caitlin Clark,IND,IND @ POR,Rebounds,5.5,UNDER,DK,-148,19.4,8,True,False,2,WIN,0.6757,True
20260530,Caitlin Clark,IND,IND @ POR,Points,21.5,UNDER,FD,-114,18.6,9,True,False,6,WIN,0.8772,True
20260530,Dearica Hamby,LA,LA @ CON,Points,17.5,OVER,DK,-117,18.5,10,True,False,11,LOSS,-1.0,True
20260531,Chennedy Carter,LV,LV @ GS,Points,16.5,OVER,FD,-102,36.3,1,True,True,6,LOSS,-1.0,True
20260531,NaLyssa Smith,LV,LV @ GS,Rebounds,6.5,UNDER,DK,-103,27.3,2,True,True,9,LOSS,-1.0,True
20260531,Janelle Salaun,GS,LV @ GS,Rebounds,3.5,OVER,TSB,-110,21.5,3,True,False,4,WIN,0.9091,False
20260531,A'ja Wilson,LV,LV @ GS,Points,24.5,UNDER,DK,-108,16.0,4,True,False,28,LOSS,-1.0,True
20260531,A'ja Wilson,LV,LV @ GS,Rebounds,8.5,UNDER,DK,107,13.5,5,True,False,15,LOSS,-1.0,True
20260531,Chelsea Gray,LV,LV @ GS,Points,10.5,OVER,FD,-118,12.3,6,True,False,5,LOSS,-1.0,True
20260531,Jackie Young,LV,LV @ GS,Rebounds,4.5,OVER,FD,-106,10.7,7,True,False,7,WIN,0.9434,True
20260531,Veronica Burton,GS,LV @ GS,Rebounds,3.5,OVER,FD,142,9.7,8,True,False,3,LOSS,-1.0,True
20260531,Kayla Thornton,GS,LV @ GS,Rebounds,4.5,OVER,BR,-141,7.1,9,True,False,4,LOSS,-1.0,True
20260531,Gabby Williams,GS,LV @ GS,Points,13.5,UNDER,FD,-114,5.8,10,True,False,20,LOSS,-1.0,True
20260601,Awa Fam,SEA,SEA @ DAL,Points,10.5,UNDER,DK,-121,47.4,1,True,True,8,WIN,0.8264,True
20260601,Jovana Nogic,PHX,MIN @ PHX,Points,7.5,OVER,TSB,-115,43.5,2,True,True,8,WIN,0.8696,True
20260601,Awa Fam,SEA,SEA @ DAL,Rebounds,4.5,UNDER,FD,-106,33.8,3,True,True,7,LOSS,-1.0,True
20260601,Natasha Howard,MIN,MIN @ PHX,Points,15.5,OVER,FD,-118,33.6,4,True,True,11,LOSS,-1.0,True
20260601,Olivia Miles,MIN,MIN @ PHX,Points,14.5,OVER,FD,-106,32.6,5,True,True,19,WIN,0.9434,True
20260601,Azzi Fudd,DAL,SEA @ DAL,Points,14.5,UNDER,FD,-102,31.0,6,True,True,9,WIN,0.9804,True
20260601,Stefanie Dolson,SEA,SEA @ DAL,Rebounds,3.5,UNDER,FD,118,29.8,7,True,True,2,WIN,1.18,True
20260601,Azzi Fudd,DAL,SEA @ DAL,Rebounds,2.5,UNDER,DK,-110,29.1,8,True,True,1,WIN,0.9091,False
20260601,Stefanie Dolson,SEA,SEA @ DAL,Points,6.5,UNDER,DK,101,26.9,9,True,True,2,WIN,1.01,True
20260601,Kahleah Copper,PHX,MIN @ PHX,Points,19.5,UNDER,FD,-114,25.4,10,True,True,18,WIN,0.8772,True
20260601,Jade Melbourne,SEA,SEA @ DAL,Rebounds,2.5,UNDER,DK,-110,25.2,11,False,True,3,LOSS,-1.0,False
20260602,Megan Gustafson,POR,POR @ GS,Rebounds,4.5,UNDER,FD,-120,42.1,1,True,True,8,LOSS,-1.0,True
20260602,Chennedy Carter,LV,LV @ LA,Points,15.5,OVER,FD,-102,37.5,2,True,True,,VOID,0.0,True
20260602,Azura Stevens,CHI,CHI @ WSH,Rebounds,3.5,OVER,WH,-111,37.4,3,True,True,5,WIN,0.9009,True
20260602,Brittney Griner,CON,CON @ ATL,Points,12.5,UNDER,WH,-121,37.1,4,True,True,7,WIN,0.8264,True
20260602,Natasha Cloud,CHI,CHI @ WSH,Rebounds,4.5,OVER,FD,122,32.0,5,True,True,0,LOSS,-1.0,True
20260602,Georgia Amoore,WSH,CHI @ WSH,Points,8.5,UNDER,FD,-104,31.4,6,True,True,3,WIN,0.9615,True
20260602,Naz Hillmon,ATL,CON @ ATL,Rebounds,5.5,OVER,BR,-117,28.6,7,True,True,7,WIN,0.8547,True
20260602,Jackie Young,LV,LV @ LA,Rebounds,4.5,OVER,TSB,115,27.3,8,True,True,4,LOSS,-1.0,True
20260602,Brittney Griner,CON,CON @ ATL,Rebounds,5.5,UNDER,TSB,-140,27.1,9,True,True,4,WIN,0.7143,True
20260602,Carla Leite,POR,POR @ GS,Points,14.5,UNDER,DK,-107,26.6,10,True,True,10,WIN,0.9346,True
20260603,Awa Fam,SEA,PHX @ SEA,Points,9.5,UNDER,WH,-110,22.2,1,True,False,18,LOSS,-1.0,True
20260603,Nyara Sabally,TOR,TOR @ NY,Rebounds,5.5,UNDER,WH,-132,20.7,2,True,False,6,LOSS,-1.0,True
20260603,Kahleah Copper,PHX,PHX @ SEA,Points,19.5,UNDER,FD,-104,19.4,3,True,False,16,WIN,0.9615,True
20260603,Kiki Rice,TOR,TOR @ NY,Points,11.5,OVER,BR,-130,19.2,4,True,False,9,LOSS,-1.0,True
20260603,Monique Akoa Makani,PHX,PHX @ SEA,Points,9.5,UNDER,FD,100,19.1,5,True,False,12,LOSS,-1.0,True
20260603,Nyara Sabally,TOR,TOR @ NY,Points,8.5,UNDER,FD,100,16.5,6,True,False,11,LOSS,-1.0,True
20260603,Brittney Sykes,TOR,TOR @ NY,Points,18.5,UNDER,TSB,-115,12.1,7,True,False,17,WIN,0.8696,True
20260603,Alyssa Thomas,PHX,PHX @ SEA,Points,16.5,UNDER,WH,-127,8.8,8,True,False,9,WIN,0.7874,True
20260603,Jonquel Jones,NY,TOR @ NY,Rebounds,8.5,UNDER,WH,-129,8.2,9,True,False,17,LOSS,-1.0,True
20260603,Marina Mabrey,TOR,TOR @ NY,Rebounds,3.5,UNDER,FD,122,7.1,10,True,False,3,WIN,1.22,True
20260604,Olivia Miles,MIN,GS @ MIN,Points,14.5,OVER,FD,102,34.8,1,True,True,28,WIN,1.02,True
20260604,Natasha Howard,MIN,GS @ MIN,Points,14.5,OVER,FD,-128,33.0,2,True,True,12,LOSS,-1.0,True
20260604,Natasha Howard,MIN,GS @ MIN,Rebounds,7.5,OVER,DK,-104,17.1,3,True,False,10,WIN,0.9615,True
20260604,Rhyne Howard,ATL,ATL @ IND,Points,17.5,OVER,FD,-102,16.9,4,True,False,8,LOSS,-1.0,True
20260604,Caitlin Clark,IND,ATL @ IND,Points,18.5,UNDER,FD,-106,16.2,5,True,False,17,WIN,0.9434,True
20260604,Nia Coffey,MIN,GS @ MIN,Points,8.5,OVER,FD,100,16.1,6,True,False,3,LOSS,-1.0,True
20260604,Angel Reese,ATL,ATL @ IND,Points,14.5,OVER,FD,100,13.8,7,True,False,11,LOSS,-1.0,True
20260604,Naz Hillmon,ATL,ATL @ IND,Rebounds,5.5,OVER,FD,-125,13.7,8,True,False,5,LOSS,-1.0,True
20260604,Gabby Williams,GS,GS @ MIN,Rebounds,3.5,UNDER,FD,128,13.2,9,True,False,5,LOSS,-1.0,True
20260604,Aliyah Boston,IND,ATL @ IND,Rebounds,7.5,UNDER,DK,109,12.0,10,True,False,7,WIN,1.09,True
20260605,Megan Gustafson,POR,PHX @ POR,Rebounds,4.5,UNDER,FD,104,31.7,1,True,True,2,WIN,1.04,True
20260605,Natasha Mack,PHX,PHX @ POR,Rebounds,9.5,UNDER,FD,102,29.9,2,True,True,4,WIN,1.02,True
20260605,Kamilla Cardoso,CHI,CON @ CHI,Rebounds,9.5,OVER,FD,-112,28.2,3,True,True,8,LOSS,-1.0,True
20260605,Maddy Siegrist,DAL,DAL @ LA,Rebounds,4.5,UNDER,DK,-114,27.9,4,True,True,4,WIN,0.8772,True
20260605,Azura Stevens,CHI,CON @ CHI,Rebounds,3.5,OVER,WH,-134,27.9,5,True,True,10,WIN,0.7463,True
20260605,Ariel Atkins,LA,DAL @ LA,Points,9.5,OVER,DK,-115,24.1,6,True,False,16,WIN,0.8696,True
20260605,Aneesah Morrow,CON,CON @ CHI,Rebounds,10.5,OVER,BR,-130,23.1,7,True,False,17,WIN,0.7692,True
20260605,Nneka Ogwumike,LA,DAL @ LA,Points,14.5,OVER,BR,-121,22.6,8,True,False,13,LOSS,-1.0,True
20260605,Dearica Hamby,LA,DAL @ LA,Points,15.5,OVER,BR,-110,20.7,9,True,False,15,LOSS,-1.0,True
20260605,Natasha Mack,PHX,PHX @ POR,Points,10.5,UNDER,WH,-114,20.2,10,True,False,16,LOSS,-1.0,True
20260606,Dominique Malonga,SEA,SEA @ MIN,Rebounds,6.5,UNDER,FD,114,40.4,1,True,True,2,WIN,1.14,True
20260606,Jewell Loyd,LV,GS @ LV,Points,7.5,OVER,BR,-110,38.9,2,True,True,5,LOSS,-1.0,False
20260606,Georgia Amoore,WSH,WSH @ ATL,Points,6.5,UNDER,DK,-110,35.9,3,True,True,0,WIN,0.9091,False
20260606,Dominique Malonga,SEA,SEA @ MIN,Points,12.5,UNDER,FD,-102,27.8,4,True,True,7,WIN,0.9804,True
20260606,Naz Hillmon,ATL,WSH @ ATL,Rebounds,5.5,OVER,BR,-105,23.8,5,True,False,6,WIN,0.9524,True
20260606,Shakira Austin,WSH,WSH @ ATL,Points,15.5,UNDER,FD,-122,22.8,6,True,False,7,WIN,0.8197,True
20260606,Natasha Howard,MIN,SEA @ MIN,Points,15.5,OVER,BR,-128,22.2,7,True,False,27,WIN,0.7812,True
20260606,NaLyssa Smith,LV,GS @ LV,Rebounds,7.5,UNDER,FD,-146,21.1,8,True,False,6,WIN,0.6849,True
20260606,Natasha Howard,MIN,SEA @ MIN,Rebounds,7.5,OVER,FD,-114,20.9,9,True,False,5,LOSS,-1.0,True
20260606,Caitlin Clark,IND,IND @ NY,Points,19.5,UNDER,DK,-122,19.2,10,True,False,10,WIN,0.8197,True
20260607,Jacy Sheldon,CHI,CHI @ TOR,Points,6.5,OVER,DK,-126,33.4,1,True,True,10,WIN,0.7937,True
20260607,Azura Stevens,CHI,CHI @ TOR,Rebounds,3.5,OVER,TSB,-150,26.3,2,True,True,10,WIN,0.6667,True
20260607,Marina Mabrey,TOR,CHI @ TOR,Points,18.5,OVER,FD,-104,26.2,3,True,True,9,LOSS,-1.0,True
20260607,Marina Mabrey,TOR,CHI @ TOR,Rebounds,3.5,OVER,DK,-150,22.1,4,True,False,4,WIN,0.6667,True
20260607,Nyara Sabally,TOR,CHI @ TOR,Rebounds,5.5,UNDER,TSB,-105,20.5,5,True,False,6,LOSS,-1.0,True
20260607,Nyara Sabally,TOR,CHI @ TOR,Points,9.5,UNDER,FD,100,20.2,6,True,False,15,LOSS,-1.0,True
20260607,Megan Gustafson,POR,POR @ LA,Rebounds,4.5,UNDER,TSB,-140,16.3,7,True,False,11,LOSS,-1.0,True
20260607,Sarah Ashlee Barker,POR,POR @ LA,Rebounds,4.5,UNDER,FD,102,14.1,8,True,False,2,WIN,1.02,True
20260607,Natasha Cloud,CHI,CHI @ TOR,Points,9.5,OVER,TSB,-110,12.8,9,True,False,6,LOSS,-1.0,False
20260607,Emily Engstler,POR,POR @ LA,Rebounds,4.5,UNDER,DK,103,12.8,10,True,False,8,LOSS,-1.0,True
20260608,Marine Johannes,NY,NY @ CON,Rebounds,2.5,OVER,BR,143,36.0,1,True,True,4,WIN,1.43,True
20260608,Aaliyah Edwards,CON,NY @ CON,Points,8.5,UNDER,DK,-106,31.8,2,True,True,15,LOSS,-1.0,True
20260608,Stefanie Dolson,SEA,SEA @ LV,Points,4.5,UNDER,WH,119,31.1,3,True,True,3,WIN,1.19,True
20260608,Diamond Miller,CON,NY @ CON,Rebounds,2.5,UNDER,DK,-110,25.8,4,True,True,2,WIN,0.9091,False
20260608,NaLyssa Smith,LV,SEA @ LV,Rebounds,6.5,UNDER,FD,-104,24.5,5,True,False,9,LOSS,-1.0,True
20260608,Jackie Young,LV,SEA @ LV,Rebounds,4.5,OVER,FD,-106,23.1,6,True,False,3,LOSS,-1.0,True
20260608,Pauline Astier,NY,NY @ CON,Points,9.5,OVER,TSB,-115,22.2,7,True,False,6,LOSS,-1.0,True
20260608,Chelsea Gray,LV,SEA @ LV,Points,11.5,OVER,WH,107,21.8,8,True,False,12,WIN,1.07,True
20260608,Sophie Cunningham,IND,IND @ WSH,Points,7.5,OVER,DK,100,21.5,9,True,False,8,WIN,1.0,True
20260608,Awa Fam,SEA,SEA @ LV,Points,9.5,UNDER,DK,-131,19.9,10,True,False,16,LOSS,-1.0,True
20260609,Allisha Gray,ATL,ATL @ CHI,Points,14.5,OVER,FD,102,47.6,1,True,True,14,LOSS,-1.0,True
20260609,Kamilla Cardoso,CHI,ATL @ CHI,Rebounds,7.5,OVER,DK,-115,41.8,2,True,True,2,LOSS,-1.0,True
20260609,Jordin Canada,ATL,ATL @ CHI,Points,15.5,UNDER,DK,-110,40.3,3,True,True,14,WIN,0.9091,True
20260609,Kamilla Cardoso,CHI,ATL @ CHI,Points,18.5,UNDER,DK,100,37.4,4,True,True,13,WIN,1.0,True
20260609,Natasha Howard,MIN,DAL @ MIN,Points,16.5,OVER,FD,-108,33.3,5,True,True,21,WIN,0.9259,True
20260609,Rhyne Howard,ATL,ATL @ CHI,Rebounds,2.5,OVER,FD,-110,32.3,6,True,True,3,WIN,0.9091,False
20260609,Angel Reese,ATL,ATL @ CHI,Rebounds,12.5,OVER,FD,102,30.4,7,True,True,17,WIN,1.02,True
20260609,Naz Hillmon,ATL,ATL @ CHI,Rebounds,5.5,OVER,FD,-136,27.9,8,True,True,6,WIN,0.7353,True
20260609,Angel Reese,ATL,ATL @ CHI,Points,13.5,OVER,DK,-120,27.6,9,True,True,17,WIN,0.8333,True
20260609,Paige Bueckers,DAL,DAL @ MIN,Rebounds,3.5,UNDER,DK,-106,23.9,10,True,False,1,WIN,0.9434,True
20260610,Marina Mabrey,TOR,CON @ TOR,Rebounds,3.5,OVER,DK,-120,40.3,1,True,True,1,LOSS,-1.0,True
20260610,Aaliyah Edwards,CON,CON @ TOR,Points,11.5,UNDER,DK,-104,35.7,2,True,True,24,LOSS,-1.0,True
20260610,Aaliyah Edwards,CON,CON @ TOR,Rebounds,6.5,UNDER,DK,-140,27.0,3,True,True,4,WIN,0.7143,True
20260610,Marina Mabrey,TOR,CON @ TOR,Points,18.5,OVER,BR,-109,24.2,4,True,False,21,WIN,0.9174,True
20260610,Brittney Sykes,TOR,CON @ TOR,Rebounds,4.5,OVER,DK,127,23.5,5,True,False,4,LOSS,-1.0,True
20260610,Dominique Malonga,SEA,LA @ SEA,Rebounds,6.5,UNDER,FD,-112,20.7,6,True,False,7,LOSS,-1.0,True
20260610,Natisha Hiedeman,SEA,LA @ SEA,Points,12.5,OVER,DK,-125,19.8,7,True,False,16,WIN,0.8,True
20260610,Nyara Sabally,TOR,CON @ TOR,Points,11.5,UNDER,TSB,-120,19.5,8,True,False,15,LOSS,-1.0,True
20260610,Dominique Malonga,SEA,LA @ SEA,Points,14.5,UNDER,DK,-105,15.7,9,True,False,15,LOSS,-1.0,True
20260610,Diamond Miller,CON,CON @ TOR,Rebounds,2.5,UNDER,DK,-110,15.0,10,True,False,4,LOSS,-1.0,False
20260611,Gabriela Jaquez,CHI,CHI @ IND,Rebounds,4.5,OVER,BR,120,59.4,1,True,True,2,LOSS,-1.0,True
20260611,Gabriela Jaquez,CHI,CHI @ IND,Points,8.5,OVER,DK,-109,40.1,2,True,True,6,LOSS,-1.0,True
20260611,Marine Johannes,NY,NY @ ATL,Rebounds,2.5,OVER,DK,-110,36.6,3,True,True,1,LOSS,-1.0,False
20260611,Bridget Carleton,POR,LV @ POR,Points,13.5,UNDER,TSB,-110,33.6,4,True,True,13,WIN,0.9091,True
20260611,Chelsea Gray,LV,LV @ POR,Points,11.5,OVER,DK,-103,30.0,5,True,True,29,WIN,0.9709,True
20260611,Azura Stevens,CHI,CHI @ IND,Rebounds,5.5,OVER,WH,-130,26.4,6,True,True,9,WIN,0.7692,True
20260611,Jackie Young,LV,LV @ POR,Points,17.5,OVER,FD,104,26.3,7,True,True,18,WIN,1.04,True
20260611,Emily Engstler,POR,LV @ POR,Points,10.5,UNDER,FD,-114,26.0,8,True,True,7,WIN,0.8772,True
20260611,Natasha Cloud,CHI,CHI @ IND,Rebounds,3.5,OVER,FD,-102,23.0,9,True,False,4,WIN,0.9804,True
20260611,Carla Leite,POR,LV @ POR,Points,13.5,UNDER,FD,-114,21.8,10,True,False,18,LOSS,-1.0,True
20260612,Georgia Amoore,WSH,TOR @ WSH,Rebounds,2.5,UNDER,DK,-110,45.1,1,True,True,0,WIN,0.9091,False
20260612,Dominique Malonga,SEA,GS @ SEA,Rebounds,6.5,UNDER,FD,106,40.8,2,True,True,8,LOSS,-1.0,True
20260612,Marina Mabrey,TOR,TOR @ WSH,Rebounds,3.5,OVER,FD,104,32.4,3,True,True,1,LOSS,-1.0,True
20260612,Dominique Malonga,SEA,GS @ SEA,Points,14.5,UNDER,FD,-115,31.4,4,True,True,9,WIN,0.8696,True
20260612,Michaela Onyenwere,WSH,TOR @ WSH,Points,9.5,OVER,BR,100,28.5,5,True,True,17,WIN,1.0,True
20260612,Marina Mabrey,TOR,TOR @ WSH,Points,18.5,OVER,DK,-107,25.4,6,True,True,27,WIN,0.9346,True
20260612,Michaela Onyenwere,WSH,TOR @ WSH,Rebounds,2.5,UNDER,DK,-110,20.4,7,True,False,8,LOSS,-1.0,False
20260612,Georgia Amoore,WSH,TOR @ WSH,Points,7.5,UNDER,DK,-110,16.7,8,True,False,1,WIN,0.9091,False
20260612,Brittney Sykes,TOR,TOR @ WSH,Points,20.5,OVER,FD,-106,16.1,9,True,False,20,LOSS,-1.0,True
20260612,Shakira Austin,WSH,TOR @ WSH,Points,17.5,UNDER,DK,-108,16.0,10,True,False,12,WIN,0.9259,True
20260613,Natasha Howard,MIN,MIN @ LV,Points,14.5,OVER,FD,-130,42.5,1,True,True,22,WIN,0.7692,True
20260613,Chennedy Carter,LV,MIN @ LV,Points,10.5,OVER,WH,-110,35.7,2,True,True,4,LOSS,-1.0,True
20260613,Olivia Miles,MIN,MIN @ LV,Points,16.5,OVER,WH,-112,25.4,3,True,True,29,WIN,0.8929,True
20260613,Jessica Shepard,DAL,DAL @ POR,Points,12.5,OVER,BR,-102,25.0,4,True,False,13,WIN,0.9804,True
20260613,Paige Bueckers,DAL,DAL @ POR,Points,18.5,OVER,FD,-114,24.9,5,True,False,,VOID,0.0,True
20260613,Brittney Griner,CON,IND @ CON,Points,12.5,UNDER,WH,-102,23.2,6,True,False,10,WIN,0.9804,True
20260613,Courtney Williams,MIN,MIN @ LV,Rebounds,5.5,OVER,WH,113,22.4,7,True,False,5,LOSS,-1.0,True
20260613,Chelsea Gray,LV,MIN @ LV,Rebounds,3.5,OVER,DK,-116,18.9,8,True,False,4,WIN,0.8621,True
20260613,Courtney Williams,MIN,MIN @ LV,Points,15.5,OVER,BR,-120,18.7,9,True,False,17,WIN,0.8333,True
20260613,Brittney Griner,CON,IND @ CON,Rebounds,4.5,UNDER,TSB,115,18.3,10,True,False,2,WIN,1.15,True
20260614,Lauren Betts,WSH,WSH @ NY,Rebounds,4.5,UNDER,TSB,-140,46.4,1,True,True,6,LOSS,-1.0,True
20260614,Lauren Betts,WSH,WSH @ NY,Points,8.5,UNDER,WH,-102,40.0,2,True,True,4,WIN,0.9804,True
20260614,Isabelle Harrison,TOR,ATL @ TOR,Rebounds,5.5,UNDER,DK,-128,27.3,3,True,True,3,WIN,0.7812,True
20260614,Marina Mabrey,TOR,ATL @ TOR,Points,17.5,OVER,DK,-115,26.8,4,True,True,9,LOSS,-1.0,True
20260614,Sabrina Ionescu,NY,WSH @ NY,Rebounds,3.5,OVER,DK,107,23.4,5,True,False,3,LOSS,-1.0,True
20260614,Isabelle Harrison,TOR,ATL @ TOR,Points,8.5,UNDER,DK,-103,23.2,6,True,False,17,LOSS,-1.0,True
20260614,Shakira Austin,WSH,WSH @ NY,Points,15.5,UNDER,DK,-113,22.8,7,True,False,8,WIN,0.885,True
20260614,Leonie Fiebich,NY,WSH @ NY,Points,6.5,UNDER,WH,-113,22.0,8,True,False,8,LOSS,-1.0,True
20260614,Satou Sabally,NY,WSH @ NY,Points,11.5,UNDER,DK,-104,21.8,9,True,False,7,WIN,0.9615,True
20260614,Jordin Canada,ATL,ATL @ TOR,Rebounds,3.5,UNDER,TSB,-130,20.0,10,True,False,5,LOSS,-1.0,True
20260615,Natasha Howard,MIN,POR @ MIN,Points,16.5,OVER,FD,-110,35.1,1,True,True,18,WIN,0.9091,True
20260615,Megan Gustafson,POR,POR @ MIN,Points,12.5,UNDER,WH,-113,31.6,2,True,True,9,WIN,0.885,True
20260615,Emily Engstler,POR,POR @ MIN,Rebounds,5.5,UNDER,TSB,-115,30.8,3,True,True,2,WIN,0.8696,True
20260615,Carla Leite,POR,POR @ MIN,Points,12.5,UNDER,FD,-106,29.2,4,True,True,10,WIN,0.9434,True
20260615,Sarah Ashlee Barker,POR,POR @ MIN,Rebounds,4.5,UNDER,DK,-124,28.6,5,True,True,2,WIN,0.8065,True
20260615,Megan Gustafson,POR,POR @ MIN,Rebounds,4.5,UNDER,FD,-102,27.0,6,True,True,3,WIN,0.9804,True
20260615,Chelsea Gray,LV,LV @ DAL,Points,11.5,OVER,FD,-120,26.2,7,True,True,0,LOSS,-1.0,True
20260615,Veronica Burton,GS,LA @ GS,Rebounds,3.5,UNDER,TSB,120,23.7,8,True,False,2,WIN,1.2,True
20260615,Bridget Carleton,POR,POR @ MIN,Points,12.5,UNDER,TSB,-120,23.5,9,True,False,3,WIN,0.8333,True
20260615,Bridget Carleton,POR,POR @ MIN,Rebounds,3.5,UNDER,TSB,-125,22.7,10,True,False,1,WIN,0.8,True
20260616,Isabelle Harrison,TOR,TOR @ IND,Points,10.5,UNDER,TSB,105,30.6,1,True,True,11,LOSS,-1.0,True
20260616,Marina Mabrey,TOR,TOR @ IND,Rebounds,3.5,OVER,FD,122,30.0,2,True,True,1,LOSS,-1.0,True
20260616,Isabelle Harrison,TOR,TOR @ IND,Rebounds,5.5,UNDER,DK,-128,29.3,3,True,True,8,LOSS,-1.0,True
20260616,Marina Mabrey,TOR,TOR @ IND,Points,17.5,OVER,TSB,-110,23.4,4,True,False,18,WIN,0.9091,True
20260616,Sophie Cunningham,IND,TOR @ IND,Rebounds,2.5,UNDER,DK,-110,22.5,5,True,False,6,LOSS,-1.0,False
20260616,Aliyah Boston,IND,TOR @ IND,Rebounds,9.5,UNDER,TSB,-130,21.7,6,True,False,11,LOSS,-1.0,True
20260616,Monique Billings,IND,TOR @ IND,Rebounds,4.5,UNDER,WH,110,13.5,7,True,False,7,LOSS,-1.0,True
20260616,Brittney Sykes,TOR,TOR @ IND,Points,19.5,OVER,DK,-116,10.9,8,True,False,11,LOSS,-1.0,True
20260616,Aliyah Boston,IND,TOR @ IND,Points,16.5,UNDER,WH,-105,9.0,9,True,False,18,LOSS,-1.0,True
20260616,Laura Juskaite,TOR,TOR @ IND,Points,8.5,OVER,DK,-131,7.8,10,True,False,19,WIN,0.7634,True
20260617,Gabriela Jaquez,CHI,NY @ CHI,Rebounds,3.5,OVER,TSB,115,46.0,1,True,True,3,LOSS,-1.0,True
20260617,Awak Kuier,DAL,DAL @ GS,Rebounds,4.5,UNDER,DK,-110,42.6,2,True,True,2,WIN,0.9091,False
20260617,Gabriela Jaquez,CHI,NY @ CHI,Points,8.5,OVER,BR,100,38.9,3,True,True,22,WIN,1.0,True
20260617,Azura Stevens,CHI,NY @ CHI,Rebounds,6.5,OVER,DK,106,37.3,4,True,True,6,LOSS,-1.0,True
20260617,Michaela Onyenwere,WSH,WSH @ CON,Points,10.5,OVER,BR,-101,35.7,5,True,True,22,WIN,0.9901,True
20260617,Natasha Howard,MIN,MIN @ LA,Points,16.5,OVER,DK,-128,33.3,6,True,True,15,LOSS,-1.0,True
20260617,Natisha Hiedeman,SEA,SEA @ POR,Points,13.5,OVER,BR,-114,32.3,7,True,True,19,WIN,0.8772,True
20260617,Natasha Cloud,CHI,NY @ CHI,Rebounds,3.5,OVER,DK,115,29.2,8,True,True,3,LOSS,-1.0,True
20260617,Elizabeth Williams,CHI,NY @ CHI,Rebounds,4.5,UNDER,TSB,-110,28.4,9,True,True,3,WIN,0.9091,False
20260617,Dominique Malonga,SEA,SEA @ POR,Rebounds,7.5,UNDER,DK,-121,26.7,10,True,True,11,LOSS,-1.0,True
20260617,Jacy Sheldon,CHI,NY @ CHI,Points,6.5,OVER,DK,-125,26.0,11,False,True,0,LOSS,-1.0,True
20260617,Ariel Atkins,LA,MIN @ LA,Points,9.5,UNDER,FD,-108,25.6,12,False,True,4,WIN,0.9259,True
20260618,Angel Reese,ATL,ATL @ IND,Points,14.5,OVER,FD,-104,26.3,1,True,True,21,WIN,0.9615,True
20260618,Naz Hillmon,ATL,ATL @ IND,Rebounds,5.5,OVER,FD,-125,16.8,2,True,False,4,LOSS,-1.0,True
20260618,Naz Hillmon,ATL,ATL @ IND,Points,8.5,OVER,BR,-124,14.1,3,True,False,17,WIN,0.8065,True
20260618,Rhyne Howard,ATL,ATL @ IND,Points,17.5,OVER,WH,-112,13.5,4,True,False,16,LOSS,-1.0,True
20260618,Sophie Cunningham,IND,ATL @ IND,Rebounds,2.5,UNDER,DK,-110,10.7,5,True,False,2,WIN,0.9091,False
20260618,Aliyah Boston,IND,ATL @ IND,Points,16.5,UNDER,DK,-107,10.2,6,True,False,23,LOSS,-1.0,True
20260618,Sophie Cunningham,IND,ATL @ IND,Points,7.5,OVER,WH,-120,7.8,7,True,False,12,WIN,0.8333,True
20260618,Caitlin Clark,IND,ATL @ IND,Rebounds,4.5,UNDER,TSB,105,7.7,8,True,False,2,WIN,1.05,True
20260618,Kelsey Mitchell,IND,ATL @ IND,Points,19.5,UNDER,FD,100,7.0,9,True,False,26,LOSS,-1.0,True
20260618,Allisha Gray,ATL,ATL @ IND,Rebounds,3.5,UNDER,DK,-115,5.0,10,True,False,0,WIN,0.8696,True
20260619,Natasha Howard,MIN,MIN @ GS,Points,14.5,OVER,DK,-107,48.2,1,True,True,10,LOSS,-1.0,True
20260619,Brittney Griner,CON,TOR @ CON,Rebounds,4.5,UNDER,FD,118,34.7,2,True,True,8,LOSS,-1.0,True
20260619,Sabrina Ionescu,NY,WSH @ NY,Points,14.5,UNDER,DK,-122,34.6,3,True,True,9,WIN,0.8197,True
20260619,Marina Mabrey,TOR,TOR @ CON,Rebounds,3.5,OVER,FD,128,32.7,4,True,True,4,WIN,1.28,True
20260619,Saniya Rivers,CON,TOR @ CON,Points,7.5,OVER,FD,-128,23.7,5,True,False,3,LOSS,-1.0,True
20260619,Nia Coffey,MIN,MIN @ GS,Rebounds,5.5,OVER,FD,102,23.3,6,True,False,5,LOSS,-1.0,True
20260619,Nia Coffey,MIN,MIN @ GS,Points,7.5,OVER,DK,-101,23.0,7,True,False,22,WIN,0.9901,True
20260619,Shakira Austin,WSH,WSH @ NY,Points,13.5,UNDER,WH,-113,22.9,8,True,False,14,LOSS,-1.0,True
20260619,Satou Sabally,NY,WSH @ NY,Points,11.5,UNDER,DK,-113,19.8,9,True,False,13,LOSS,-1.0,True
20260619,Leonie Fiebich,NY,WSH @ NY,Points,6.5,UNDER,WH,-108,18.7,10,True,False,19,LOSS,-1.0,True
20260620,Azura Stevens,CHI,CHI @ DAL,Rebounds,5.5,OVER,WH,-129,32.7,1,True,True,11,WIN,0.7752,True
20260620,Dominique Malonga,SEA,SEA @ PHX,Rebounds,8.5,UNDER,TSB,-125,30.5,2,True,True,3,WIN,0.8,True
20260620,Natisha Hiedeman,SEA,SEA @ PHX,Points,14.5,OVER,WH,-115,25.3,3,True,True,20,WIN,0.8696,True
20260620,Paige Bueckers,DAL,CHI @ DAL,Rebounds,3.5,UNDER,TSB,120,22.6,4,True,False,7,LOSS,-1.0,True
20260620,Arike Ogunbowale,DAL,CHI @ DAL,Points,14.5,OVER,BR,-108,22.3,5,True,False,12,LOSS,-1.0,True
20260620,Angel Reese,ATL,IND @ ATL,Points,14.5,OVER,BR,-103,18.6,6,True,False,18,WIN,0.9709,True
20260620,Dominique Malonga,SEA,SEA @ PHX,Points,15.5,UNDER,FD,-102,16.8,7,True,False,10,WIN,0.9804,True
20260620,Gabriela Jaquez,CHI,CHI @ DAL,Points,9.5,OVER,DK,-113,14.5,8,True,False,6,LOSS,-1.0,True
20260620,Monique Akoa Makani,PHX,SEA @ PHX,Points,8.5,OVER,FD,-130,14.4,9,True,False,,VOID,0.0,True
20260620,Naz Hillmon,ATL,IND @ ATL,Rebounds,5.5,OVER,DK,-105,13.6,10,True,False,6,WIN,0.9524,True
20260621,Natasha Howard,MIN,WSH @ MIN,Points,15.5,OVER,FD,-110,38.0,1,True,True,20,WIN,0.9091,True
20260621,Sabrina Ionescu,NY,NY @ LA,Points,15.5,UNDER,FD,-115,38.0,2,True,True,2,WIN,0.8696,True
20260621,Shakira Austin,WSH,WSH @ MIN,Points,12.5,UNDER,DK,-104,28.1,3,True,True,7,WIN,0.9615,True
20260621,Kelsey Plum,LA,NY @ LA,Rebounds,1.5,UNDER,FD,148,26.5,4,True,True,3,LOSS,-1.0,True
20260621,Kiki Iriafen,WSH,WSH @ MIN,Rebounds,8.5,UNDER,FD,-114,25.5,5,True,True,7,WIN,0.8772,True
20260621,Nia Coffey,MIN,WSH @ MIN,Rebounds,5.5,OVER,BR,-130,24.3,6,True,False,8,WIN,0.7692,True
20260621,NaLyssa Smith,LV,GS @ LV,Points,9.5,OVER,WH,-112,21.7,7,True,False,14,WIN,0.8929,True
20260621,Natasha Howard,MIN,WSH @ MIN,Rebounds,7.5,OVER,WH,-121,18.6,8,True,False,6,LOSS,-1.0,True
20260621,Sonia Citron,WSH,WSH @ MIN,Points,15.5,UNDER,FD,-113,18.5,9,True,False,21,LOSS,-1.0,True
20260621,Shakira Austin,WSH,WSH @ MIN,Rebounds,7.5,UNDER,TSB,-125,18.1,10,True,False,8,LOSS,-1.0,True
20260622,Natasha Cloud,CHI,CHI @ CON,Rebounds,3.5,OVER,FD,122,48.5,1,True,True,1,LOSS,-1.0,True
20260622,Dominique Malonga,SEA,DAL @ SEA,Rebounds,7.5,UNDER,WH,107,44.3,2,True,True,12,LOSS,-1.0,True
20260622,Isabelle Harrison,TOR,TOR @ ATL,Points,11.5,UNDER,WH,-102,43.6,3,True,True,21,LOSS,-1.0,True
20260622,Isabelle Harrison,TOR,TOR @ ATL,Rebounds,5.5,UNDER,WH,-120,41.0,4,True,True,10,LOSS,-1.0,True
20260622,Gabriela Jaquez,CHI,CHI @ CON,Rebounds,3.5,OVER,BR,-125,32.1,5,True,True,4,WIN,0.8,True
20260622,Azura Stevens,CHI,CHI @ CON,Rebounds,6.5,OVER,FD,-136,30.6,6,True,True,3,LOSS,-1.0,True
20260622,Natisha Hiedeman,SEA,DAL @ SEA,Points,14.5,OVER,FD,-104,30.1,7,True,True,21,WIN,0.9615,True
20260622,Dominique Malonga,SEA,DAL @ SEA,Points,15.5,UNDER,FD,-102,29.9,8,True,True,37,LOSS,-1.0,True
20260622,Marina Mabrey,TOR,TOR @ ATL,Points,19.5,OVER,DK,-105,28.2,9,True,True,23,WIN,0.9524,True
20260622,Natasha Mack,PHX,PHX @ IND,Points,8.5,OVER,TSB,-105,23.4,10,True,False,4,LOSS,-1.0,True
20260623,Satou Sabally,NY,NY @ LV,Rebounds,3.5,UNDER,FD,128,37.8,1,True,True,3,WIN,1.28,True
20260623,Sabrina Ionescu,NY,NY @ LV,Points,12.5,UNDER,FD,-125,19.8,2,True,False,16,LOSS,-1.0,True
20260623,Satou Sabally,NY,NY @ LV,Points,14.5,UNDER,WH,-120,18.9,3,True,False,0,WIN,0.8333,True
20260623,Pauline Astier,NY,NY @ LV,Rebounds,2.5,OVER,DK,-110,18.2,4,True,False,2,LOSS,-1.0,False
20260623,Pauline Astier,NY,NY @ LV,Points,6.5,OVER,WH,-137,17.8,5,True,False,7,WIN,0.7299,True
20260623,Chelsea Gray,LV,NY @ LV,Rebounds,3.5,OVER,FD,-125,15.0,6,True,False,5,WIN,0.8,True
20260623,Breanna Stewart,NY,NY @ LV,Points,18.5,UNDER,TSB,-115,14.9,7,True,False,20,LOSS,-1.0,True
20260623,Breanna Stewart,NY,NY @ LV,Rebounds,8.5,OVER,WH,110,14.2,8,True,False,6,LOSS,-1.0,True
20260623,Jonquel Jones,NY,NY @ LV,Points,13.5,OVER,BR,-108,13.7,9,True,False,14,WIN,0.9259,True
20260623,Leonie Fiebich,NY,NY @ LV,Rebounds,2.5,UNDER,DK,-110,13.2,10,True,False,1,WIN,0.9091,False
20260624,Azura Stevens,CHI,POR @ CHI,Points,11.5,UNDER,DK,-109,29.8,1,True,True,11,WIN,0.9174,True
20260624,Lexi Held,PHX,PHX @ IND,Points,9.5,UNDER,TSB,-120,29.5,2,True,True,9,WIN,0.8333,True
20260624,Naz Hillmon,ATL,ATL @ GS,Rebounds,5.5,UNDER,WH,113,24.1,3,True,False,2,WIN,1.13,True
20260624,Sydney Taylor,CHI,POR @ CHI,Points,16.5,UNDER,TSB,-115,20.6,4,True,False,14,WIN,0.8696,True
20260624,Veronica Burton,GS,ATL @ GS,Points,11.5,UNDER,WH,100,20.3,5,True,False,8,WIN,1.0,True
20260624,Georgia Amoore,WSH,MIN @ WSH,Points,7.5,UNDER,FD,-110,20.3,6,True,False,6,WIN,0.9091,False
20260624,Sarah Ashlee Barker,POR,POR @ CHI,Points,11.5,UNDER,WH,108,19.2,7,True,False,13,LOSS,-1.0,True
20260624,Kayla Thornton,GS,ATL @ GS,Points,8.5,UNDER,WH,-122,18.3,8,True,False,17,LOSS,-1.0,True
20260624,Angel Reese,ATL,ATL @ GS,Rebounds,11.5,UNDER,WH,-108,18.2,9,True,False,12,LOSS,-1.0,True
20260624,DeWanna Bonner,PHX,PHX @ IND,Rebounds,4.5,UNDER,WH,-105,17.0,10,True,False,8,LOSS,-1.0,True
20260625,Sabrina Ionescu,NY,NY @ SEA,Points,17.5,UNDER,WH,-127,42.9,1,True,True,14,WIN,0.7874,True
20260625,Isabelle Harrison,TOR,LA @ TOR,Points,14.5,UNDER,FD,-102,30.9,2,True,True,9,WIN,0.9804,True
20260625,Jessica Shepard,DAL,DAL @ LV,Points,12.5,OVER,TSB,-125,30.7,3,True,True,22,WIN,0.8,True
20260625,Isabelle Harrison,TOR,LA @ TOR,Rebounds,6.5,UNDER,FD,-122,27.3,4,True,True,6,WIN,0.8197,True
20260625,Awa Fam,SEA,NY @ SEA,Rebounds,6.5,UNDER,DK,-138,25.4,5,True,True,6,WIN,0.7246,True
20260625,Dominique Malonga,SEA,NY @ SEA,Rebounds,8.5,UNDER,FD,-138,23.2,6,True,False,10,LOSS,-1.0,True
20260625,Natisha Hiedeman,SEA,NY @ SEA,Points,14.5,OVER,TSB,-125,21.0,7,True,False,11,LOSS,-1.0,True
20260625,Marina Mabrey,TOR,LA @ TOR,Rebounds,3.5,OVER,FD,112,20.8,8,True,False,6,WIN,1.12,True
20260625,Awak Kuier,DAL,DAL @ LV,Rebounds,4.5,UNDER,DK,-142,20.3,9,True,False,2,WIN,0.7042,True
20260625,Chelsea Gray,LV,DAL @ LV,Rebounds,3.5,OVER,DK,-137,17.7,10,True,False,1,LOSS,-1.0,True
20260626,Azura Stevens,CHI,POR @ CHI,Points,11.5,UNDER,TSB,105,35.5,1,True,True,12,LOSS,-1.0,True
20260626,Naz Hillmon,ATL,ATL @ GS,Rebounds,5.5,UNDER,FD,-102,27.4,2,True,True,3,WIN,0.9804,True
20260626,Allisha Gray,ATL,ATL @ GS,Rebounds,3.5,UNDER,TSB,-105,27.1,3,True,True,2,WIN,0.9524,True
20260626,Veronica Burton,GS,ATL @ GS,Points,12.5,UNDER,DK,-121,23.4,4,True,False,10,WIN,0.8264,True
20260626,Jordin Canada,ATL,ATL @ GS,Points,11.5,UNDER,TSB,-125,22.2,5,True,False,23,LOSS,-1.0,True
20260626,Olivia Nelson-Ododa,CON,WSH @ CON,Points,10.5,UNDER,FD,-115,21.9,6,True,False,12,LOSS,-1.0,True
20260626,Angel Reese,ATL,ATL @ GS,Rebounds,11.5,UNDER,DK,102,20.7,7,True,False,12,LOSS,-1.0,True
20260626,Megan Gustafson,POR,POR @ CHI,Rebounds,4.5,UNDER,TSB,110,19.0,8,True,False,1,WIN,1.1,True
20260626,Megan Gustafson,POR,POR @ CHI,Points,14.5,UNDER,DK,-108,18.5,9,True,False,13,WIN,0.9259,True
20260626,Kamilla Cardoso,CHI,POR @ CHI,Points,13.5,UNDER,DK,100,17.0,10,True,False,30,LOSS,-1.0,True
20260627,Valeriane Ayayi,PHX,PHX @ TOR,Rebounds,5.5,UNDER,FD,112,47.8,1,True,True,6,LOSS,-1.0,True
20260627,Dominique Malonga,SEA,ATL @ SEA,Rebounds,8.5,UNDER,FD,-102,30.8,2,True,True,11,LOSS,-1.0,True
20260627,DeWanna Bonner,PHX,PHX @ TOR,Rebounds,6.5,UNDER,TSB,-140,30.0,3,True,True,11,LOSS,-1.0,True
20260627,Marina Mabrey,TOR,PHX @ TOR,Rebounds,3.5,OVER,FD,-104,27.3,4,True,True,,VOID,0.0,True
20260627,Allisha Gray,ATL,ATL @ SEA,Points,18.5,UNDER,DK,-115,26.9,5,True,True,15,WIN,0.8696,True
20260627,Valeriane Ayayi,PHX,PHX @ TOR,Points,11.5,UNDER,WH,-121,24.9,6,True,False,20,LOSS,-1.0,True
20260627,Aliyah Boston,IND,LA @ IND,Points,16.5,OVER,FD,-108,22.3,7,True,False,17,WIN,0.9259,True
20260627,Sophie Cunningham,IND,LA @ IND,Points,10.5,OVER,FD,-108,21.9,8,True,False,9,LOSS,-1.0,True
20260627,Lexi Held,PHX,PHX @ TOR,Points,9.5,UNDER,FD,-106,21.8,9,True,False,16,LOSS,-1.0,True
20260627,Sophie Cunningham,IND,LA @ IND,Rebounds,3.5,UNDER,FD,-128,18.3,10,True,False,2,WIN,0.7812,True
20260628,Sabrina Ionescu,NY,NY @ GS,Points,14.5,UNDER,FD,-104,44.1,1,True,True,9,WIN,0.9615,True
20260628,Leonie Fiebich,NY,NY @ GS,Rebounds,2.5,UNDER,TSB,130,26.1,2,True,True,0,WIN,1.3,True
20260628,Awak Kuier,DAL,MIN @ DAL,Rebounds,3.5,UNDER,TSB,-110,23.4,3,True,False,3,WIN,0.9091,False
20260628,Megan Gustafson,POR,POR @ WSH,Rebounds,4.5,UNDER,TSB,100,21.0,4,True,False,5,LOSS,-1.0,True
20260628,Kayla Thornton,GS,NY @ GS,Points,8.5,UNDER,FD,-106,20.7,5,True,False,11,LOSS,-1.0,True
20260628,Jessica Shepard,DAL,MIN @ DAL,Points,13.5,OVER,BR,-106,20.6,6,True,False,8,LOSS,-1.0,True
20260628,Azura Stevens,CHI,LV @ CHI,Points,10.5,UNDER,DK,-107,20.4,7,True,False,24,LOSS,-1.0,True
20260628,Veronica Burton,GS,NY @ GS,Points,11.5,UNDER,TSB,-105,20.4,8,True,False,8,WIN,0.9524,True
20260628,Jonquel Jones,NY,NY @ GS,Points,13.5,OVER,DK,-107,18.6,9,True,False,21,WIN,0.9346,True
20260628,Shakira Austin,WSH,POR @ WSH,Points,13.5,UNDER,DK,-113,18.4,10,True,False,9,WIN,0.885,True
20260630,Jewell Loyd,LV,LV @ NY,Rebounds,2.5,UNDER,FD,-110,32.1,1,True,True,3,LOSS,-1.0,False
20260630,Sabrina Ionescu,NY,LV @ NY,Points,13.5,UNDER,FD,-104,27.3,2,True,True,26,LOSS,-1.0,True
20260630,Jewell Loyd,LV,LV @ NY,Points,10.5,UNDER,WH,-120,26.3,3,True,True,5,WIN,0.8333,True
20260630,Jonquel Jones,NY,LV @ NY,Points,15.5,OVER,FD,100,19.7,4,True,False,9,LOSS,-1.0,True
20260630,Pauline Astier,NY,LV @ NY,Rebounds,2.5,UNDER,TSB,125,17.9,5,True,False,5,LOSS,-1.0,True
20260630,Jackie Young,LV,LV @ NY,Rebounds,5.5,UNDER,FD,-138,16.4,6,True,False,2,WIN,0.7246,True
20260630,Pauline Astier,NY,LV @ NY,Points,8.5,UNDER,DK,-106,12.2,7,True,False,15,LOSS,-1.0,True
20260630,Breanna Stewart,NY,LV @ NY,Rebounds,8.5,OVER,FD,104,11.6,8,True,False,11,WIN,1.04,True
20260630,Leonie Fiebich,NY,LV @ NY,Rebounds,2.5,UNDER,DK,-110,10.6,9,True,False,8,LOSS,-1.0,False
20260630,NaLyssa Smith,LV,LV @ NY,Rebounds,6.5,UNDER,WH,104,9.6,10,True,False,6,WIN,1.04,True
20260702,Jessica Shepard,DAL,DAL @ CON,Points,13.5,OVER,TSB,-105,6.4,1,True,False,14,WIN,0.9524,True
20260702,Kahleah Copper,PHX,SEA @ PHX,Points,18.5,OVER,DK,-115,6.0,2,True,False,30,WIN,0.8696,True
20260702,Jessica Shepard,DAL,DAL @ CON,Rebounds,11.5,OVER,DK,105,5.7,3,True,False,6,LOSS,-1.0,True
20260703,Jackie Young,LV,CHI @ LV,Rebounds,5.5,UNDER,DK,-116,6.0,1,True,False,6,LOSS,-1.0,True
20260703,Sabrina Ionescu,NY,MIN @ NY,Points,14.5,UNDER,FD,-104,5.8,2,True,False,17,LOSS,-1.0,True
20260704,Veronica Burton,GS,GS @ ATL,Points,11.5,UNDER,FD,100,6.5,1,True,False,21,LOSS,-1.0,True
20260704,Natisha Hiedeman,SEA,POR @ SEA,Points,15.5,OVER,FD,-104,5.5,2,True,False,15,LOSS,-1.0,True
20260705,Cheyenne Parker-Tyus,LV,IND @ LV,Rebounds,4.5,UNDER,FD,104,9.3,1,True,False,0,WIN,1.04,True
20260707,Kahleah Copper,PHX,CHI @ PHX,Points,20.5,OVER,FD,100,7.0,1,True,False,25,WIN,1.0,True
20260707,Breanna Stewart,NY,DAL @ NY,Points,19.5,OVER,DK,-112,5.5,2,True,False,29,WIN,0.8929,True
20260707,Jessica Shepard,DAL,DAL @ NY,Points,12.5,OVER,FD,-114,5.2,3,True,False,22,WIN,0.8772,True
20260709,Kahleah Copper,PHX,IND @ PHX,Points,20.5,OVER,FD,100,8.1,1,True,False,22,WIN,1.0,True
20260709,Valeriane Ayayi,PHX,IND @ PHX,Rebounds,4.5,UNDER,FD,108,8.0,2,True,False,2,WIN,1.08,True
20260711,Kahleah Copper,PHX,PHX @ LV,Points,20.5,OVER,TSB,100,8.9,1,True,False,9,LOSS,-1.0,True
20260711,Bridget Carleton,POR,POR @ ATL,Points,13.5,UNDER,TSB,-110,8.4,2,True,False,12,WIN,0.9091,True
20260711,Angel Reese,ATL,POR @ ATL,Rebounds,11.5,UNDER,TSB,100,5.1,3,True,False,,VOID,0.0,True
20260712,Kelsey Mitchell,IND,IND @ LV,Points,22.5,OVER,FD,100,6.3,1,True,False,27,WIN,1.0,True
20260712,Shakira Austin,WSH,SEA @ WSH,Rebounds,8.5,OVER,BR,-104,5.9,2,True,False,5,LOSS,-1.0,True
20260712,Azura Stevens,CHI,CHI @ DAL,Points,12.5,UNDER,WH,-124,5.0,3,True,False,18,LOSS,-1.0,True
20260713,Nia Coffey,MIN,PHX @ MIN,Points,7.5,UNDER,FD,-102,8.5,1,True,False,5,WIN,0.9804,True
20260713,Courtney Williams,MIN,PHX @ MIN,Points,16.5,UNDER,DK,-109,7.1,2,True,False,8,WIN,0.9174,True
20260714,Emily Engstler,POR,POR @ CON,Rebounds,5.5,OVER,BR,-141,11.6,1,True,False,6,WIN,0.7092,True
20260716,Emily Engstler,POR,POR @ WSH,Rebounds,6.5,OVER,TSB,115,7.2,1,True,False,3,LOSS,-1.0,True
20260716,Sarah Ashlee Barker,POR,POR @ WSH,Points,9.5,OVER,WH,-102,6.0,2,True,False,10,WIN,0.9804,True
20260717,Natasha Cloud,CHI,LA @ CHI,Points,11.5,OVER,BR,-107,9.8,1,True,False,15,WIN,0.9346,True
20260717,Jordin Canada,ATL,ATL @ TOR,Rebounds,4.5,UNDER,TSB,-140,7.2,2,True,False,0,WIN,0.7143,True
20260717,Rae Burrell,LA,LA @ CHI,Points,14.5,OVER,BR,-130,6.3,3,True,False,9,LOSS,-1.0,True
20260717,Kelsey Mitchell,IND,SEA @ IND,Points,22.5,OVER,DK,-112,5.6,4,True,False,30,WIN,0.8929,True
20260717,Dominique Malonga,SEA,SEA @ IND,Rebounds,9.5,UNDER,DK,104,5.3,5,True,False,14,LOSS,-1.0,True
20260717,Monique Akoa Makani,PHX,CON @ PHX,Rebounds,3.5,UNDER,WH,-145,5.0,6,True,False,2,WIN,0.6897,True
